Name,github,twitter,facebook
Nao Honda,https://github.com/naohonda01,,
yukiyama99999999999913,,,
Kyosuke-Fukui,https://github.com/Kyosuke-Fukui,,
_whitecat_22,https://github.com/whitecat-22,https://twitter.com/intent/user?screen_name=_whitecat_22,
石田将騎,https://github.com/ice-crypto,,
gksh7,,,
khikal,,,
kizaki,https://github.com/kizaki,https://twitter.com/intent/user?screen_name=a0920sk,
mst,,,
appidea,,,
nnp,https://github.com/yazawa8,,
こへこへ,https://github.com/Kohei-Sato-1221,https://twitter.com/intent/user?screen_name=kohekohe1221,
ヨウヘイ,,,
garia,https://github.com/groove1214jp,,
ko-nakamura,https://github.com/k-nakamura,,
Hiroyuki Katsumi,,,
kyo_7,,,
Espoir,,,
akira2410,,,
morimorimokenpi,https://github.com/morimorimokenpi,,
TashiroNao,,,
Atsushi345,,,
masatoshim,https://github.com/masatoshim,,
PYTHONMAN,,,
junko32,,,
